x	xend	y	yend
-4.67254040637374	-2.80442104164084	-4.67254040637374	-2.80442104164084
